CO AQI Value,Ozone AQI Value,NO2 AQI Value,PM2.5 AQI Value
1,36,0,51
1,5,1,41
1,5,1,41
1,39,2,66
1,34,0,20
1,14,11,54
1,14,11,54
1,29,7,64
1,41,1,54
2,68,1,58
1,24,6,41
1,30,4,59
1,47,0,55
1,4,23,72
1,28,2,28
5,0,13,154
1,16,2,67
1,37,1,62
1,31,0,17
1,35,0,56
2,22,15,77
2,22,15,77
1,15,0,44
1,9,2,30
1,30,1,15
3,18,5,79
1,19,7,34
1,20,5,51
1,34,0,77
1,32,3,61
1,7,2,32
0,29,0,25
3,162,1,247
1,32,7,45
1,32,7,45
1,32,7,45
1,25,3,36
2,15,5,124
1,26,2,72
0,32,1,55
0,32,1,55
0,31,0,25
1,31,1,60
1,17,0,30
1,34,0,44
1,37,4,47
0,32,2,37
1,14,8,44
1,14,8,44
2,14,24,58
3,3,6,89
2,38,7,52
1,25,6,51
1,38,0,13
2,11,20,88
1,31,3,54
1,28,3,44
1,26,6,51
2,15,23,67
1,25,3,49
5,203,5,151
0,32,0,35
1,25,2,90
1,25,2,90
1,25,2,90
1,25,2,90
1,25,2,90
1,25,2,90
0,34,1,36
1,28,4,48
1,28,10,41
1,28,10,41
0,19,1,17
1,47,1,36
3,82,1,155
1,9,1,46
1,15,2,64
1,44,1,38
4,113,9,142
1,20,0,54
1,44,3,60
4,8,19,166
0,23,1,27
1,7,1,23
1,13,0,31
2,22,9,90
1,38,0,51
1,38,0,170
0,9,1,22
1,27,2,47
1,32,0,59
4,23,3,133
1,29,1,7
2,2,8,73
0,24,0,50
0,9,1,25
3,18,2,90
2,26,3,81
0,20,1,29
1,16,1,44
1,12,0,65
1,28,10,53
1,28,10,53
1,28,10,53
0,23,0,56
1,26,3,57
0,35,0,62
1,27,4,49
1,34,0,32
2,92,0,163
4,3,36,126
4,3,36,126
2,9,22,63
2,27,10,53
2,38,10,86
2,44,4,112
3,155,2,151
4,24,0,121
2,48,0,69
1,34,3,47
1,34,4,69
1,32,6,64
1,20,1,10
1,30,3,38
1,27,3,59
1,30,5,67
2,13,16,75
2,18,21,60
1,36,0,25
1,30,8,41
1,28,2,44
1,26,1,29
3,168,5,99
3,168,5,99
1,25,3,23
1,26,4,41
0,33,1,36
2,12,0,59
0,33,2,35
0,29,0,13
1,29,3,51
4,9,6,103
1,30,4,35
0,27,2,21
0,27,2,21
1,45,0,307
2,26,16,61
1,42,2,37
1,42,2,37
0,32,1,42
1,23,0,102
1,53,1,64
1,45,0,38
1,69,1,60
1,41,1,50
2,125,1,82
1,25,1,41
1,34,3,52
1,47,1,44
1,36,3,34
1,19,0,37
1,27,1,46
1,18,12,64
2,52,8,92
1,20,0,35
2,53,1,88
0,45,0,43
1,24,7,58
2,35,5,143
2,36,8,187
1,29,6,58
1,27,8,65
2,66,0,73
3,33,9,98
3,33,9,98
4,45,10,156
4,8,18,163
1,35,0,21
1,37,4,69
4,15,4,105
2,37,8,64
1,32,5,54
1,18,10,80
1,36,1,50
1,25,3,35
1,27,0,55
1,27,0,55
0,28,0,13
0,26,0,20
2,107,5,86
0,22,0,20
3,7,25,76
3,7,25,76
2,14,1,104
1,28,1,15
1,28,1,19
1,29,1,39
3,5,10,104
1,40,3,57
1,29,2,20
1,29,2,20
0,34,1,26
0,30,1,32
1,38,1,466
0,28,0,52
0,23,0,27
0,28,2,38
1,23,6,56
1,117,1,78
2,57,1,92
2,32,7,124
2,68,6,57
1,26,0,68
1,4,2,39
1,36,5,38
0,17,1,17
0,4,0,21
3,119,1,151
1,38,0,35
1,40,0,49
2,4,5,72
1,32,2,73
1,2,0,46
1,12,9,35
0,24,1,16
1,14,2,45
1,12,6,65
1,34,4,112
0,19,0,11
0,31,2,22
4,4,19,152
1,21,1,31
1,12,0,13
2,28,9,103
1,35,0,52
0,30,2,13
0,25,0,73
1,2,4,42
0,35,0,30
1,25,5,46
2,13,0,63
1,26,1,39
1,18,6,56
1,18,6,56
1,18,6,56
1,18,6,56
1,18,6,56
1,18,6,56
1,18,6,56
2,13,2,105
2,90,1,93
0,22,0,45
1,8,1,54
0,29,2,36
1,35,5,50
1,34,0,153
1,36,5,48
0,24,0,24
3,179,2,166
1,26,1,151
2,45,0,92
1,39,1,48
1,16,2,104
1,27,1,51
1,27,1,51
0,20,0,38
1,27,5,41
1,46,2,47
0,29,3,18
0,29,3,18
0,29,3,18
1,32,3,37
2,2,9,61
1,17,2,46
2,13,27,79
1,24,9,53
1,24,9,53
1,38,2,39
1,41,0,42
1,36,0,47
1,27,4,32
0,6,1,25
2,26,7,73
1,22,11,52
3,9,11,94
2,22,1,80
1,45,0,48
1,33,0,156
0,27,0,10
1,20,0,55
3,32,2,76
1,2,0,36
1,18,1,41
1,44,4,56
1,43,5,58
1,43,5,58
1,43,5,58
1,32,7,45
1,41,0,50
1,46,2,31
1,46,2,31
1,46,2,31
1,46,2,31
3,7,8,77
1,33,1,63
1,27,0,59
0,17,0,35
2,111,1,391
2,60,3,55
1,48,0,12
1,32,0,26
1,32,0,26
0,32,1,56
1,32,1,30
0,29,2,29
0,19,0,28
0,8,0,18
1,40,2,34
0,32,1,58
0,16,1,30
0,16,1,30
1,36,0,30
1,30,0,49
1,14,1,32
1,22,4,28
1,21,1,13
1,1,0,30
1,30,1,32
1,62,4,80
14,1,23,182
1,60,0,284
1,44,5,62
1,48,1,226
1,48,1,226
0,12,0,16
0,12,0,16
1,27,2,30
2,26,12,55
1,46,0,14
1,16,0,48
1,43,2,39
1,44,4,52
0,16,0,36
0,39,0,23
1,25,9,58
1,21,6,56
2,15,17,76
2,15,17,76
2,15,17,76
2,15,17,76
2,15,17,76
2,15,17,76
2,15,17,76
2,15,17,76
2,15,17,76
2,15,17,76
1,3,0,25
1,30,1,40
1,47,2,27
1,31,1,42
1,23,0,50
1,18,13,62
0,9,1,25
1,34,0,10
1,29,0,46
1,39,0,12
3,18,2,101
1,22,3,60
1,24,5,93
1,28,8,25
1,22,1,39
1,27,10,44
1,42,0,12
1,32,4,62
1,22,6,35
1,25,3,27
0,18,0,19
1,51,1,175
1,33,1,28
1,3,3,37
0,30,2,27
1,10,16,61
1,39,1,68
2,21,11,57
1,29,2,27
1,30,3,25
1,22,1,35
1,21,4,37
3,8,1,76
3,46,3,90
1,26,9,34
1,30,1,65
0,28,2,29
1,27,8,37
1,29,3,72
7,0,21,169
1,25,3,36
1,37,2,46
0,29,2,26
1,43,6,77
1,38,2,53
0,25,3,30
0,30,1,31
0,19,0,27
0,19,0,27
0,19,0,27
0,19,0,27
0,19,0,27
0,19,0,27
0,28,2,30
0,24,2,25
2,22,14,57
2,22,14,57
2,22,14,57
1,28,1,66
0,33,1,26
1,12,13,37
1,20,0,50
1,26,2,46
1,24,2,49
0,31,2,31
0,29,3,34
2,21,3,176
1,20,3,35
1,32,1,28
1,29,0,32
1,29,0,32
1,29,0,32
1,29,0,32
4,14,7,117
1,25,2,56
1,36,0,171
1,18,14,53
1,18,14,53
1,26,3,40
1,18,1,34
1,22,6,69
2,23,1,74
1,17,4,118
0,30,1,25
0,28,2,35
0,28,2,34
0,28,2,34
2,35,8,73
1,40,1,24
1,43,0,443
0,27,2,28
1,27,12,52
2,20,20,70
0,33,0,5
1,59,1,23
0,30,1,24
4,169,3,150
1,27,11,61
1,27,11,61
0,21,0,58
0,18,0,6
0,20,0,20
0,31,0,30
3,138,2,112
1,19,1,39
0,17,0,44
1,74,1,35
0,22,0,95
1,30,8,40
1,37,1,75
1,41,0,64
0,21,1,40
1,30,3,59
1,48,0,35
0,22,0,104
1,30,0,10
1,30,0,10
1,39,0,20
2,6,0,59
1,28,0,29
1,34,1,24
1,34,1,24
1,26,2,36
0,30,1,27
1,33,1,48
1,33,0,9
1,33,0,9
1,8,3,37
1,30,6,60
2,5,4,55
2,14,19,58
0,28,2,41
1,15,1,31
1,8,0,24
1,78,3,51
1,43,0,30
1,30,0,150
1,31,2,25
2,116,0,64
1,17,3,36
2,9,9,95
2,9,9,95
6,10,3,171
1,32,0,24
1,32,0,59
1,24,0,19
1,36,1,78
1,27,0,59
1,30,2,14
1,40,1,84
1,75,1,34
1,6,14,54
1,23,5,39
0,20,1,36
1,31,6,53
1,31,6,53
1,31,6,53
1,29,2,112
0,31,0,130
1,40,2,23
1,37,6,59
1,29,2,17
2,17,0,62
2,23,1,65
1,31,0,78
1,25,1,56
4,7,8,121
1,14,0,3
1,14,0,3
1,14,0,3
1,14,0,3
1,14,0,3
1,23,10,95
1,33,3,52
0,34,2,32
1,42,1,72
1,7,1,47
0,19,0,22
0,19,0,22
0,11,0,41
2,134,1,159
2,33,5,89
1,32,2,32
1,29,3,40
1,19,4,30
1,19,4,30
0,24,0,73
0,24,0,73
0,24,0,73
1,21,1,59
2,34,1,92
1,40,0,52
0,33,0,32
0,33,0,32
0,33,0,32
0,33,0,32
0,33,0,32
2,30,11,54
0,31,2,21
1,22,7,50
1,36,1,53
1,44,1,16
1,35,0,37
1,30,3,54
0,25,0,163
1,7,6,40
1,62,0,101
1,45,0,160
1,39,0,89
1,13,0,56
1,8,13,74
1,8,13,74
1,48,3,36
0,12,0,11
1,28,10,42
1,27,4,19
0,15,0,10
1,42,2,82
2,10,8,67
1,14,0,40
4,20,0,90
2,21,0,43
1,42,0,435
1,29,0,55
0,15,0,25
3,15,1,75
1,37,0,13
0,21,0,50
1,17,3,34
1,30,5,49
1,26,7,53
1,7,14,72
1,15,0,48
1,25,4,43
1,26,4,41
1,40,2,20
1,8,4,61
1,28,4,42
1,36,3,67
1,30,3,22
1,30,3,22
1,14,3,50
1,36,1,52
1,28,2,58
1,14,10,58
0,19,0,33
4,25,4,138
1,36,0,33
1,36,0,169
1,31,6,49
1,23,6,18
1,24,3,63
1,31,1,21
0,34,1,31
0,16,0,36
1,25,11,49
2,16,4,59
2,151,1,180
0,27,0,13
3,176,2,194
2,17,1,74
1,35,1,13
1,29,2,20
1,29,2,20
0,25,0,54
2,18,21,58
0,35,1,42
0,27,0,30
7,206,9,167
1,22,5,51
3,157,1,126
1,36,0,87
0,16,0,32
1,38,2,55
1,22,5,45
1,40,1,55
3,8,37,114
1,31,1,50
0,13,1,12
1,33,2,30
0,38,1,19
1,33,2,23
1,21,2,47
1,21,2,47
1,33,2,29
4,99,5,97
1,22,0,66
1,28,1,52
1,23,2,70
1,27,4,38
1,14,0,32
3,0,10,72
0,28,1,29
1,36,0,67
1,22,0,54
1,49,0,36
1,32,1,15
0,16,0,17
1,33,0,10
1,44,4,31
1,24,10,61
1,24,10,61
1,25,0,19
0,34,1,52
1,31,0,31
1,23,3,38
1,23,3,38
1,6,5,52
1,48,2,34
0,29,1,40
1,39,4,38
1,25,0,34
2,42,8,111
2,10,27,77
1,6,1,52
1,33,3,44
1,37,1,30
0,31,1,39
3,102,4,179
1,27,2,51
0,27,3,36
0,29,1,50
1,28,9,51
3,5,9,79
3,5,9,79
3,5,9,79
3,11,11,99
1,24,2,17
1,32,2,26
1,29,2,23
1,34,0,81
0,40,0,74
1,30,0,130
2,1,3,55
2,1,3,55
1,28,4,38
1,28,4,38
1,31,2,25
1,40,1,30
1,32,8,45
1,82,1,301
2,41,5,59
0,37,0,78
0,37,0,78
0,37,0,78
0,37,0,78
1,27,2,28
1,44,0,33
0,30,2,26
1,49,0,47
3,103,1,217
1,38,1,36
0,13,0,32
0,13,0,32
2,5,15,64
1,24,4,58
4,17,2,157
1,9,15,84
1,28,4,40
1,21,5,51
1,17,4,43
1,34,3,72
2,12,15,66
2,5,14,75
2,1,6,59
2,1,6,59
1,25,1,32
1,27,6,85
3,41,6,99
1,34,2,27
1,37,1,24
3,4,12,144
1,29,4,64
1,25,3,31
2,17,7,72
2,28,2,70
3,8,11,95
2,29,2,68
4,44,7,124
1,32,2,24
1,29,4,39
1,40,0,61
1,46,0,174
1,11,12,83
0,38,0,20
1,37,1,24
1,28,4,34
1,32,1,38
1,45,1,53
1,31,1,26
0,32,1,26
2,6,17,93
1,7,1,25
1,20,7,56
1,38,0,14
1,18,0,31
1,5,3,36
1,45,1,25
1,45,1,25
1,30,8,47
1,27,2,61
1,26,4,46
1,31,0,43
1,31,0,43
0,16,0,26
1,13,6,59
1,21,8,44
1,21,8,44
2,16,10,72
1,17,0,32
1,32,0,46
2,9,7,64
4,4,36,125
0,13,0,24
1,22,5,50
2,21,0,48
4,20,1,67
1,19,6,54
0,38,0,153
1,51,1,44
2,100,1,354
2,43,6,78
1,39,0,18
2,40,10,73
1,34,2,28
1,53,1,23
1,45,4,57
1,45,4,57
1,20,4,39
0,27,3,47
0,27,3,47
0,27,3,47
0,27,3,47
0,27,3,47
0,27,3,47
3,14,1,64
0,15,0,33
1,32,0,9
0,32,1,18
0,31,0,51
1,47,0,112
1,55,0,42
1,33,0,43
1,41,0,291
1,48,3,52
3,151,2,97
1,47,3,58
1,9,4,48
1,39,4,42
1,6,1,29
0,26,1,41
1,28,0,12
1,14,1,43
1,32,1,29
1,35,4,52
1,16,0,71
0,17,0,3
2,90,1,101
1,27,4,55
1,36,3,54
3,0,7,88
1,39,1,76
1,28,4,65
1,35,0,16
2,23,5,43
1,12,13,48
1,23,7,63
1,39,1,64
1,30,3,37
2,23,6,53
1,17,0,59
1,27,0,53
2,47,0,74
1,19,15,51
0,14,0,15
0,7,1,20
3,20,26,74
1,34,0,28
1,19,4,103
2,31,4,58
1,31,5,151
0,14,0,13
1,28,6,49
1,22,6,51
1,31,0,49
1,30,3,20
1,35,1,40
2,15,16,72
2,85,1,61
1,26,0,37
4,14,33,87
3,16,31,109
1,35,4,56
1,38,2,69
1,19,3,57
1,33,1,62
3,25,1,78
2,7,8,90
0,30,0,26
1,30,1,56
0,32,1,17
1,43,2,57
1,43,2,57
1,35,2,45
2,35,13,67
1,34,2,30
1,25,6,54
2,28,16,70
2,39,7,51
3,12,26,105
1,36,4,59
0,33,1,9
1,18,0,39
0,16,1,20
2,29,8,75
1,30,7,32
2,10,0,39
6,17,3,78
0,32,2,16
0,32,2,16
0,12,1,30
1,12,5,43
4,78,6,165
1,42,0,26
2,29,1,107
1,35,0,15
1,23,0,35
1,58,0,54
1,15,0,51
3,47,2,109
1,49,0,81
2,44,4,174
1,38,2,53
2,40,5,117
1,48,0,19
1,48,0,19
1,39,0,43
1,35,2,128
1,30,0,28
1,28,1,66
0,35,0,8
1,33,1,78
1,48,0,29
1,54,0,75
1,27,0,55
1,62,0,84
1,29,1,32
1,39,0,63
15,8,52,264
1,32,1,50
1,29,0,60
1,17,0,35
1,35,0,31
3,19,25,116
1,45,0,28
1,30,1,34
1,21,1,67
1,59,0,76
3,2,28,154
2,25,6,97
3,18,23,148
1,21,3,61
1,35,0,17
1,46,0,53
2,16,3,71
1,26,9,36
1,26,9,36
1,28,3,17
1,26,2,15
1,43,3,75
1,40,1,68
1,48,3,29
1,28,4,43
1,33,2,15
1,33,2,15
1,33,2,15
1,33,2,15
1,32,4,46
1,36,2,69
0,36,0,16
1,21,1,58
1,21,0,46
1,25,5,47
1,27,5,44
1,23,5,28
1,15,10,50
3,9,10,137
3,9,10,137
3,9,10,137
1,19,0,11
1,52,1,108
1,29,2,72
1,48,0,226
2,27,13,57
0,35,1,20
2,107,0,180
0,21,0,65
2,13,4,154
1,49,3,43
1,43,0,25
1,43,2,23
0,24,0,49
2,0,23,154
1,44,0,32
27,0,91,415
1,59,0,96
3,6,19,112
1,56,0,69
2,41,6,82
1,15,0,54
1,31,0,39
1,43,0,24
1,34,0,74
1,44,1,51
1,49,1,60
1,49,1,60
1,32,5,57
1,35,1,41
1,42,2,50
1,86,1,19
1,29,0,53
1,41,3,24
1,29,8,48
1,29,8,48
1,29,8,48
1,29,8,48
1,29,8,48
1,29,8,48
1,29,8,48
1,29,8,48
1,29,8,48
1,29,8,48
1,34,5,36
1,45,4,58
0,36,0,27
1,42,1,31
4,168,1,165
1,12,10,74
1,45,3,62
1,31,0,20
1,28,1,27
1,28,1,27
1,28,1,27
1,44,2,64
1,11,2,80
1,43,1,50
1,22,0,64
2,32,6,74
1,32,1,15
1,18,0,25
1,41,2,69
0,22,0,55
2,26,13,55
1,55,1,40
2,23,0,60
0,21,0,20
1,74,0,151
0,20,0,19
1,40,1,43
1,17,3,85
0,23,0,17
1,43,2,78
1,50,4,61
0,32,1,20
0,32,1,20
1,31,3,47
1,27,7,63
1,30,0,56
11,18,8,166
1,56,1,50
1,46,3,60
1,25,4,62
1,16,10,54
1,27,4,36
0,36,0,157
1,30,0,27
1,31,3,76
1,28,0,49
1,23,0,17
2,26,11,52
1,31,2,20
1,40,1,24
2,30,9,58
1,34,1,67
3,5,24,98
1,28,2,31
0,5,1,24
0,5,1,24
0,5,1,24
6,0,9,156
1,12,13,63
1,35,0,25
1,30,11,38
1,3,5,60
1,15,8,44
1,54,0,31
2,18,15,70
2,18,13,69
2,15,18,73
2,15,18,73
0,27,2,20
1,15,8,75
1,24,3,40
0,30,1,21
1,40,0,25
1,12,1,34
1,44,0,60
2,95,2,201
2,7,0,47
1,28,2,27
1,35,2,59
1,36,4,43
1,36,4,43
1,40,4,53
1,40,4,53
1,31,6,51
1,21,0,18
1,27,1,120
0,14,0,15
1,33,1,19
1,7,4,53
0,18,2,43
1,8,2,28
1,13,3,59
1,13,3,59
1,19,4,23
1,19,4,23
1,33,4,50
2,39,8,60
2,39,8,60
1,29,9,56
1,26,2,60
1,33,5,40
1,27,0,93
1,27,0,32
1,39,0,24
0,24,0,17
1,42,2,52
1,23,6,26
1,23,6,26
1,23,6,26
1,23,6,26
1,25,2,31
1,25,4,50
2,70,1,99
1,35,0,29
1,17,4,66
1,11,3,46
3,10,15,204
2,3,7,52
1,40,2,42
1,40,2,42
1,27,2,55
1,23,0,95
1,23,0,95
1,23,0,95
1,23,0,95
1,35,0,26
1,25,3,29
1,24,3,33
1,24,3,35
1,23,4,39
1,140,3,152
2,28,11,66
1,30,0,75
1,44,1,71
1,32,3,59
2,27,5,64
8,15,6,170
1,26,3,28
0,30,1,28
1,48,1,30
1,24,8,12
1,49,2,32
1,49,2,32
1,14,11,29
2,36,2,157
2,7,0,58
1,26,2,34
1,46,1,37
2,30,12,65
1,17,3,56
2,16,13,72
1,26,2,58
1,24,0,121
1,25,3,23
9,6,21,186
0,13,6,22
3,8,5,82
11,6,30,198
1,29,1,108
1,26,1,63
1,28,0,76
1,52,0,60
2,40,0,91
1,23,4,59
1,48,0,57
1,27,1,29
1,21,0,41
1,26,1,39
1,26,1,39
1,47,1,30
1,46,3,53
1,39,0,39
1,37,0,31
1,32,3,44
1,31,1,28
1,24,0,60
1,41,0,7
1,53,0,54
1,40,3,52
1,40,3,52
1,17,0,70
1,16,3,43
1,23,0,33
1,9,0,35
1,9,0,35
1,9,0,35
1,9,0,35
1,48,0,56
1,45,0,72
1,42,1,55
1,59,0,84
8,44,24,162
1,39,0,22
0,14,0,19
0,24,0,73
0,24,0,73
1,38,2,45
1,38,2,45
1,38,2,45
1,37,1,41
1,58,0,68
1,46,0,56
1,19,0,30
1,47,0,51
5,48,12,170
1,48,0,54
0,18,0,20
0,19,0,18
1,34,2,50
1,16,0,45
3,16,1,118
2,38,3,279
1,21,0,42
1,32,3,48
1,87,1,30
1,43,1,74
0,20,0,24
1,38,0,112
0,18,0,30
1,49,0,45
1,65,0,92
1,43,0,16
2,13,2,67
1,31,1,64
1,22,0,56
1,49,0,55
1,32,2,37
1,32,2,37
1,29,0,8
2,25,0,95
1,48,1,40
1,47,2,50
1,38,2,51
1,134,1,164
1,30,0,15
2,36,0,73
0,41,0,26
3,22,11,162
0,45,0,106
1,41,0,18
1,64,0,89
1,44,0,22
1,60,0,57
5,51,8,182
5,51,8,182
0,46,0,37
1,64,0,65
1,33,1,40
1,48,0,27
0,25,1,44
0,37,0,32
1,37,0,29
2,19,4,88
1,28,1,58
3,25,16,150
0,21,0,22
1,50,1,38
1,51,0,59
1,51,0,65
0,22,0,14
1,22,1,46
1,23,0,37
1,37,0,35
1,46,1,59
1,53,0,64
1,54,0,58
1,44,0,23
1,10,0,14
0,31,0,6
1,28,8,53
1,28,8,53
1,28,8,53
1,2,0,28
1,24,4,35
1,36,3,27
3,0,8,106
3,0,7,131
1,60,1,70
4,3,29,81
1,48,2,42
1,31,5,54
1,35,1,26
1,35,1,26
1,45,1,27
1,14,10,37
2,25,11,53
2,25,12,67
2,25,12,67
2,25,12,67
1,44,1,196
1,24,2,39
1,23,3,24
1,28,11,50
1,17,6,60
0,25,0,100
1,28,4,68
1,13,8,36
5,4,29,157
0,36,1,28
1,23,0,40
1,43,2,56
1,37,0,29
1,43,1,41
1,25,1,21
1,25,1,21
1,25,1,21
1,25,1,21
1,23,0,53
3,180,2,167
1,67,0,171
1,29,2,26
1,33,0,20
0,17,0,31
0,17,0,31
1,34,4,42
1,35,1,74
2,5,1,53
1,32,0,6
1,24,0,57
1,23,0,58
1,36,0,27
1,14,8,50
1,14,8,50
1,83,1,185
0,22,0,28
1,23,16,63
1,23,16,63
1,23,16,63
1,28,15,65
1,28,15,65
1,28,15,65
1,36,1,82
1,7,3,30
1,12,0,9
4,3,8,131
1,9,12,47
0,20,0,21
1,30,1,22
0,18,0,32
1,43,0,57
1,27,4,23
1,39,1,55
1,26,3,50
1,26,3,50
1,14,1,39
1,28,1,32
1,34,1,58
0,16,0,19
1,45,0,64
1,48,0,73
0,32,1,22
1,2,0,39
1,2,0,39
1,2,0,39
1,42,1,20
0,32,1,26
0,32,1,59
2,124,1,181
0,23,0,10
0,35,0,17
1,19,8,43
1,37,0,120
0,24,0,82
1,41,0,26
1,30,3,27
0,33,0,69
1,5,0,62
1,48,2,36
1,48,2,36
1,48,2,36
1,48,2,36
1,48,2,36
1,48,2,36
0,9,1,16
1,30,5,54
1,26,10,58
1,19,7,43
1,25,3,33
2,8,17,61
2,8,17,61
2,8,17,61
0,15,0,26
1,62,1,28
1,29,2,79
2,12,16,92
1,31,0,31
0,32,0,28
1,31,2,63
1,34,2,58
0,33,0,38
1,33,5,44
1,33,5,44
1,33,5,44
0,28,1,29
1,10,9,38
1,15,9,41
1,39,3,54
1,26,10,59
1,26,10,59
1,26,10,59
1,30,11,64
1,31,1,8
1,22,4,32
1,37,1,71
1,46,0,57
1,34,0,54
1,30,9,45
2,9,22,77
0,29,1,22
1,35,5,45
1,35,5,45
2,159,2,78
1,27,7,67
1,31,1,21
1,24,5,52
1,36,0,62
3,18,17,75
0,24,0,21
0,25,0,55
1,27,10,47
1,33,1,27
1,36,2,46
1,30,5,24
1,29,4,41
1,21,4,44
1,34,3,70
2,22,0,66
1,55,0,132
0,25,0,84
0,22,0,39
1,29,2,18
1,24,3,72
1,15,1,40
1,39,0,68
0,23,1,25
2,28,2,88
3,23,17,71
1,44,0,16
1,43,1,16
1,23,4,51
3,1,9,98
2,26,0,69
2,40,4,41
0,14,0,24
3,0,9,84
0,21,0,19
0,21,0,19
1,19,6,62
1,26,3,73
0,30,2,51
2,19,0,63
2,30,9,106
1,15,0,39
1,15,0,39
1,30,1,61
1,23,0,33
2,18,19,57
0,31,2,51
1,17,4,33
0,34,1,15
0,33,0,30
5,107,6,178
1,42,0,173
2,4,5,59
1,23,3,34
1,42,2,63
1,11,2,45
1,23,1,65
2,17,4,56
1,33,2,54
1,30,0,38
1,37,1,81
1,9,2,47
1,39,1,64
16,10,16,236
1,25,4,31
1,41,0,52
2,31,6,96
1,28,3,66
1,37,0,12
0,13,0,7
0,32,0,10
1,40,0,25
1,35,2,43
2,10,9,76
1,10,1,33
2,12,0,42
1,14,3,51
1,37,3,78
1,38,3,82
1,26,0,80
1,26,0,80
1,26,0,80
1,26,0,80
1,26,0,80
1,26,0,80
1,14,11,42
1,37,0,59
2,4,3,71
1,23,0,64
1,45,1,26
1,44,1,19
4,4,18,150
1,45,1,60
1,34,3,52
1,37,6,57
1,12,1,54
2,4,6,67
1,12,20,52
1,10,20,73
4,0,15,224
1,16,0,22
1,16,0,22
1,20,4,60
1,17,6,71
1,30,2,26
2,20,17,59
1,27,0,40
1,14,0,29
1,14,0,29
1,29,2,31
1,44,0,30
1,44,0,30
1,16,2,47
1,16,2,47
1,16,2,47
1,16,2,47
1,16,2,47
1,26,3,63
1,28,2,35
1,18,2,31
1,26,1,77
1,28,1,5
1,41,1,68
1,43,2,78
1,24,0,113
1,20,6,60
1,20,6,60
1,25,5,52
2,5,3,90
2,5,3,90
1,18,7,63
2,26,6,57
1,35,4,13
1,30,3,53
0,32,2,46
1,37,4,47
0,34,1,39
0,33,1,31
0,33,0,25
1,29,5,29
1,29,5,29
1,27,3,47
2,26,12,54
1,41,0,9
1,28,2,113
1,25,7,35
2,23,21,63
2,19,16,56
2,19,16,56
2,19,16,56
2,19,16,56
2,19,16,56
1,29,2,72
1,14,0,40
2,14,0,57
1,9,4,51
2,17,18,59
2,17,18,59
1,46,4,51
0,32,2,37
3,145,3,107
2,137,2,81
1,37,0,34
1,18,0,56
1,44,4,36
1,21,4,69
1,40,2,90
1,30,1,61
2,14,20,64
0,35,1,41
2,3,7,77
2,51,0,97
1,34,0,34
2,23,14,87
2,27,11,55
2,34,7,72
1,31,0,20
1,25,10,50
0,21,0,23
1,26,4,41
2,27,13,74
1,31,0,32
1,25,1,41
1,28,2,55
1,32,0,15
4,2,34,140
1,26,0,45
1,39,1,62
1,29,1,56
1,36,5,94
0,26,0,30
2,0,23,74
1,13,1,32
1,38,1,51
2,11,20,88
2,15,19,81
2,15,19,81
2,15,19,81
1,6,3,44
4,4,7,103
3,9,11,94
1,27,3,50
1,28,4,43
1,42,6,33
1,42,6,33
1,35,0,32
0,32,2,37
2,28,11,54
2,28,11,54
0,14,0,21
2,1,8,60
1,24,4,48
0,19,1,25
2,34,0,69
1,20,0,54
1,43,3,30
1,35,6,47
0,21,1,42
1,35,0,63
1,42,0,196
1,7,2,42
1,34,0,42
1,28,1,13
1,38,2,67
0,34,0,467
3,15,6,150
2,16,19,61
1,15,4,48
1,15,4,48
1,40,0,19
3,7,8,102
1,39,2,22
1,32,2,31
1,42,0,58
1,40,0,8
1,40,0,25
0,23,0,167
0,29,0,7
0,28,2,21
0,28,2,21
11,15,15,188
1,30,1,57
1,37,3,18
1,40,2,21
1,32,2,32
1,48,2,25
1,32,0,28
4,178,3,132
1,38,2,24
2,28,14,72
1,28,5,54
1,18,4,34
1,28,5,52
1,39,1,60
1,10,3,34
1,37,1,36
1,29,4,50
1,23,4,79
1,23,4,79
2,12,24,70
2,12,24,70
1,43,0,25
1,50,3,43
3,182,1,151
1,25,7,39
1,44,0,34
1,30,3,34
1,30,3,34
1,30,3,34
1,23,1,60
1,25,4,50
0,22,0,15
1,27,0,31
15,0,24,240
15,0,24,240
15,0,24,240
1,48,3,39
1,17,0,45
1,17,0,45
1,17,0,45
1,17,0,45
1,17,0,45
1,17,0,45
1,17,0,45
1,17,0,45
1,17,0,45
1,17,0,45
2,2,14,83
2,2,14,83
1,15,17,55
1,15,17,55
1,15,17,55
1,15,17,55
1,15,17,55
1,15,17,55
1,15,17,55
1,15,17,55
2,5,13,79
0,25,0,84
1,37,2,20
2,9,20,66
2,9,20,66
2,9,20,66
2,3,7,70
2,3,7,70
2,3,7,70
2,3,7,70
2,3,7,70
2,3,7,70
2,3,7,70
2,3,7,70
2,18,7,85
2,18,7,85
2,18,7,85
2,18,7,85
2,18,7,85
2,11,7,83
1,45,0,90
1,21,4,65
1,37,2,34
1,30,3,52
1,23,4,65
1,29,3,52
1,26,3,69
1,31,3,53
1,37,2,66
1,11,11,55
1,34,0,126
1,39,1,64
1,30,1,158
1,36,3,17
1,32,0,20
1,47,1,43
0,23,0,53
0,14,0,35
1,34,3,31
0,26,0,32
0,35,1,22
1,25,2,34
1,45,2,34
1,28,3,78
1,13,12,54
1,13,12,54
1,30,3,28
2,8,23,70
1,28,0,50
2,16,21,63
1,24,8,34
1,24,8,34
1,22,9,40
0,12,0,23
1,38,1,46
1,23,1,54
1,32,0,15
1,25,12,51
1,34,2,47
0,33,1,35
1,35,0,60
2,22,9,88
1,34,2,71
4,14,38,122
0,34,1,38
1,24,4,86
1,24,4,86
1,24,4,86
1,30,3,37
1,32,3,42
0,34,1,36
1,30,3,41
1,30,3,41
1,30,3,41
1,30,3,41
1,27,4,44
1,30,3,39
1,44,3,34
1,21,5,51
1,21,5,51
2,6,20,67
1,43,0,35
1,51,0,87
0,16,0,31
1,18,0,62
1,30,1,33
1,30,0,11
1,33,0,60
2,53,1,150
1,34,0,45
1,42,0,109
0,32,0,37
1,88,1,202
1,42,1,160
1,42,1,160
1,29,3,32
0,35,0,42
1,30,0,37
1,31,0,17
0,23,0,40
0,23,0,40
1,27,5,41
1,33,0,45
2,45,6,77
3,3,15,89
1,9,14,89
1,16,0,36
1,32,1,50
1,33,2,33
1,52,2,15
1,30,11,54
4,142,4,104
0,34,0,378
1,15,0,30
2,31,0,64
0,25,2,28
1,24,0,17
1,41,0,72
1,39,3,40
1,10,3,54
1,1,0,28
0,34,0,62
0,34,0,62
0,29,1,31
1,15,3,50
1,38,0,23
1,27,5,50
0,35,1,67
1,39,3,44
1,31,1,31
1,47,1,34
1,42,2,32
1,38,1,28
0,34,1,46
1,17,0,100
1,55,1,295
1,30,8,45
1,30,8,45
1,30,8,45
1,49,0,73
0,28,0,54
0,34,0,168
1,30,1,39
1,86,0,169
1,37,1,57
1,37,0,20
1,47,0,239
1,47,0,239
1,43,0,55
1,39,0,52
1,39,0,52
0,27,2,31
2,83,1,154
0,32,1,21
0,32,0,23
2,28,0,54
1,39,1,29
0,33,0,67
0,33,0,67
0,33,0,67
3,20,11,123
0,32,1,55
1,33,2,69
2,24,5,61
1,29,2,34
1,32,2,33
3,2,12,68
3,2,12,68
0,38,0,20
0,34,1,43
1,39,0,37
1,9,7,58
1,9,7,58
1,9,7,58
1,9,7,58
1,9,7,58
1,9,7,58
1,9,7,58
1,9,7,58
1,9,7,58
1,9,7,58
1,45,2,16
1,42,2,30
1,42,2,30
1,42,2,30
0,23,0,77
3,167,1,119
1,32,2,33
4,21,3,101
1,33,5,37
0,32,1,26
1,29,2,34
1,31,4,33
1,34,2,25
1,34,2,25
0,33,1,28
1,40,1,67
4,0,8,119
1,26,0,53
1,5,2,34
1,5,2,34
1,24,0,84
1,29,3,61
1,29,3,61
1,46,2,48
4,5,36,110
1,39,6,42
1,39,6,42
1,36,3,19
1,36,3,19
0,20,0,11
1,35,2,52
1,33,0,47
1,33,0,47
1,34,0,61
1,15,6,46
2,32,10,56
1,45,1,71
1,32,5,53
2,28,14,65
1,36,2,49
2,29,4,50
3,11,27,78
1,23,5,27
2,72,0,162
1,36,0,40
2,29,6,63
1,19,0,52
3,160,1,161
1,38,0,99
1,31,3,63
2,27,6,69
4,181,1,145
1,24,6,29
1,32,3,51
2,20,17,67
2,20,17,67
1,23,0,61
1,31,3,58
1,30,6,60
1,37,3,69
1,33,4,24
1,35,4,52
1,37,0,157
1,26,5,43
3,33,1,117
2,28,6,60
2,11,27,74
2,20,0,68
1,21,1,60
0,16,0,18
0,22,0,14
1,20,1,17
1,26,4,62
1,32,1,54
0,8,0,18
1,8,2,38
1,33,1,59
2,4,7,97
1,46,1,45
1,5,1,23
2,14,5,128
1,17,3,61
2,26,0,56
1,33,0,154
1,21,0,57
1,32,0,34
1,27,5,50
1,45,1,40
1,21,7,61
2,18,17,77
1,24,0,57
1,36,0,32
1,42,2,49
1,48,0,168
1,28,8,60
2,27,5,62
1,24,8,58
1,38,3,66
1,43,1,52
1,25,0,45
1,13,2,24
1,34,4,61
2,20,11,72
1,28,5,55
1,28,5,55
1,28,5,55
1,28,5,55
2,18,20,75
2,18,20,75
2,18,20,75
2,18,20,75
2,18,20,75
2,18,20,75
2,18,20,75
1,39,2,87
1,40,2,68
1,28,4,51
8,17,12,154
1,26,10,69
1,30,9,46
1,30,9,46
1,45,1,98
1,11,10,55
0,20,0,34
1,9,4,47
2,20,7,68
2,5,5,58
1,45,2,31
2,48,0,67
2,77,0,156
1,35,6,42
1,35,6,42
1,20,0,35
1,32,1,14
1,92,1,174
1,30,2,29
1,27,5,40
0,21,3,48
1,12,18,55
1,12,18,55
1,12,18,55
1,31,9,45
1,14,9,69
1,28,3,24
1,38,4,41
1,31,2,37
0,28,1,25
0,28,1,25
1,5,3,49
2,14,16,51
4,7,30,124
1,28,0,18
1,33,0,30
1,28,4,38
1,23,1,71
1,31,8,50
1,31,8,50
1,42,0,43
1,38,0,73
1,32,4,65
4,0,8,125
4,0,8,125
2,10,28,79
4,28,3,154
0,26,2,24
1,10,1,27
1,31,4,46
1,5,4,51
1,26,1,39
0,13,2,35
0,13,2,35
1,24,0,31
1,38,0,79
1,17,1,72
2,29,6,60
1,65,0,40
1,39,4,19
0,26,0,79
1,43,0,33
1,40,4,40
1,46,1,21
0,36,0,28
1,34,1,30
1,35,1,29
1,34,2,26
1,37,1,29
3,0,29,99
1,42,4,71
1,85,2,118
1,19,0,27
2,15,0,72
1,26,0,53
1,26,0,53
1,22,1,89
1,27,1,103
1,20,0,42
1,39,0,154
1,25,3,41
1,40,1,37
1,27,1,52
1,13,4,130
2,9,0,84
0,32,1,47
0,32,1,47
0,32,1,47
1,29,0,35
1,29,0,35
0,30,2,45
0,30,2,45
1,13,11,53
1,24,4,40
1,6,2,35
1,27,2,20
1,31,3,28
1,27,2,35
1,43,1,24
1,43,1,24
1,43,1,24
1,43,1,24
1,43,1,24
1,43,1,24
0,17,0,19
0,17,0,19
0,17,0,19
1,36,0,25
1,36,0,25
2,21,18,56
1,38,1,22
1,9,8,59
1,45,0,172
1,33,7,45
1,33,2,34
3,1,29,100
0,30,0,28
0,31,1,26
1,20,5,50
1,67,1,271
1,50,0,68
1,45,2,52
1,26,1,52
1,26,1,52
1,26,1,52
0,28,3,21
1,32,3,32
4,41,7,158
1,31,0,45
1,49,1,58
1,49,1,58
1,49,1,58
1,49,1,58
1,49,1,58
1,49,1,58
1,49,1,58
1,49,1,58
1,49,1,58
7,0,30,184
6,9,18,158
1,31,1,34
1,17,2,53
1,59,0,59
5,41,17,164
0,37,0,27
1,36,0,35
1,45,0,50
1,50,0,56
2,11,22,88
2,11,22,88
1,34,2,50
1,34,2,50
1,34,2,50
1,34,2,50
1,19,0,78
1,28,0,82
1,22,8,52
1,42,1,47
0,20,0,15
1,19,2,39
11,6,47,190
1,43,3,45
1,48,0,48
1,24,2,111
1,37,0,20
3,15,13,95
1,42,0,13
1,17,1,23
0,13,0,30
1,48,1,17
1,37,0,21
0,29,0,12
5,42,11,178
3,24,7,131
1,31,0,50
1,37,4,47
4,71,5,167
1,6,0,40
3,27,3,130
1,23,0,53
4,26,7,161
1,47,3,55
2,13,8,105
1,37,0,92
1,41,1,35
2,18,4,151
1,28,4,74
2,35,0,71
1,28,1,39
2,30,7,66
2,22,9,180
1,26,0,46
1,26,0,46
1,26,0,46
1,26,0,46
1,26,0,46
1,26,0,46
1,26,0,46
1,26,0,46
1,26,0,46
1,26,0,46
1,26,0,46
1,65,0,86
1,73,0,56
1,27,6,89
1,27,6,89
1,27,6,89
1,27,6,89
1,27,6,89
3,19,9,153
3,19,9,153
3,19,9,153
3,19,9,153
3,19,9,153
3,19,9,153
3,19,9,153
3,19,9,153
3,19,9,153
3,19,9,153
3,19,9,153
1,45,0,55
1,69,3,29
1,24,0,57
1,47,0,61
3,14,25,116
3,14,25,116
1,31,0,64
1,31,0,64
1,31,0,64
1,31,0,64
1,31,0,64
1,31,0,64
1,31,0,64
1,31,0,64
1,31,0,64
1,28,1,53
1,28,1,53
1,28,1,53
1,17,1,47
2,18,12,81
4,1,16,123
1,37,3,72
2,12,10,81
1,39,2,67
0,10,1,27
1,14,3,69
1,14,3,69
1,14,3,69
1,14,3,69
1,36,0,47
1,37,3,62
1,28,3,63
2,24,13,60
1,44,0,44
2,34,7,60
1,29,2,38
1,29,0,34
1,13,10,49
3,99,2,149
2,7,5,61
2,87,0,160
1,39,0,17
1,39,0,17
1,39,0,17
0,16,1,14
1,45,2,45
1,6,13,56
0,32,1,28
1,18,0,93
2,20,8,65
2,3,10,67
0,22,0,11
1,32,5,53
0,20,1,31
0,20,1,31
2,14,6,142
12,0,19,194
3,7,25,80
1,21,4,54
1,21,4,54
1,36,3,50
1,36,3,50
1,36,3,50
1,36,3,50
1,36,3,50
1,21,12,52
1,25,2,43
1,27,1,31
1,26,10,59
3,6,17,152
4,89,3,107
2,8,9,72
1,32,0,21
1,32,1,33
1,32,1,11
5,163,14,157
1,29,2,48
2,10,13,78
0,36,0,52
1,39,1,79
3,160,3,87
0,39,0,42
1,44,0,33
0,31,1,33
1,34,0,50
0,29,2,36
2,145,1,117
0,25,2,30
1,21,6,32
1,39,3,51
1,33,3,46
1,26,2,42
0,29,1,29
5,188,5,162
1,59,0,66
0,32,1,33
2,41,5,63
1,40,0,55
1,29,0,2
1,43,0,25
1,30,3,49
1,32,5,52
1,65,3,36
0,17,0,7
0,17,0,7
1,56,2,50
1,9,2,79
2,41,5,46
6,2,16,161
0,44,0,25
0,44,0,25
1,15,0,26
1,49,3,49
0,22,0,7
1,20,0,28
6,5,3,134
1,35,0,18
0,24,1,54
1,27,1,40
1,31,0,61
0,25,0,4
2,15,16,66
1,17,1,55
1,47,0,31
1,15,1,31
2,10,1,53
1,31,3,64
2,22,14,65
2,22,14,65
2,22,14,65
2,22,14,65
2,22,14,65
2,22,14,65
2,22,14,65
2,22,14,65
2,22,14,65
2,22,14,65
1,29,3,50
1,45,0,24
0,29,2,25
1,39,0,58
1,42,2,67
1,42,2,67
1,42,2,67
1,42,2,67
1,42,2,67
2,141,2,191
2,3,4,57
0,27,0,20
1,37,0,160
1,43,0,24
1,25,2,38
2,17,11,52
1,56,0,57
3,10,3,120
3,4,11,166
1,25,2,32
1,24,4,36
1,26,0,27
1,8,1,30
1,45,1,73
1,31,0,46
1,47,1,24
1,34,2,75
0,38,0,35
0,38,0,35
1,34,1,10
1,31,0,25
1,31,4,80
1,38,3,66
1,26,10,57
1,33,2,135
1,43,0,16
1,64,3,29
0,27,0,57
1,37,4,45
1,39,1,38
0,23,0,21
1,37,0,17
1,38,2,73
1,24,3,39
1,31,0,17
1,58,1,41
1,31,3,58
2,23,9,78
1,35,4,71
1,20,0,58
1,20,0,58
1,25,2,45
1,29,0,19
1,19,0,43
1,23,7,58
1,26,2,17
1,49,0,169
3,12,5,99
0,24,3,36
0,29,1,32
3,165,1,188
1,28,2,55
2,21,15,59
1,25,1,40
1,38,3,61
1,18,0,22
1,35,3,77
1,45,1,152
0,29,0,24
1,39,0,68
0,32,0,38
4,202,10,157
2,109,0,109
1,30,2,12
1,41,0,23
4,21,2,94
2,7,17,64
1,40,3,76
0,25,1,56
1,34,3,21
1,34,3,21
2,16,1,58
1,36,0,10
1,17,0,56
1,28,1,47
2,22,7,48
2,35,0,70
1,35,1,47
1,31,0,20
1,34,0,37
3,1,6,80
3,1,6,80
3,1,6,80
0,23,0,82
1,37,4,16
1,37,4,16
1,34,2,92
1,46,0,39
1,24,2,63
0,23,1,53
1,26,1,93
0,24,1,51
1,18,2,54
1,32,1,22
2,25,1,41
1,62,2,55
0,18,1,21
1,40,0,148
1,19,4,43
1,42,0,20
1,29,0,55
2,28,4,108
1,41,0,38
4,13,34,112
1,33,0,49
1,67,1,50
3,11,12,130
2,24,4,118
2,118,2,127
0,33,1,13
1,30,2,20
1,19,10,59
1,35,1,21
1,39,1,74
1,39,1,67
1,29,2,74
1,34,2,42
1,19,2,42
0,25,0,34
1,17,6,50
1,46,0,244
1,19,2,134
2,161,2,83
2,18,15,64
2,35,8,63
0,24,0,59
1,40,2,35
1,13,2,48
1,33,3,20
3,12,28,107
3,21,2,70
2,10,2,54
0,25,0,50
3,0,10,122
1,38,2,53
1,46,6,62
1,37,2,41
1,37,2,41
1,30,1,57
1,18,5,91
1,29,3,53
5,106,6,172
1,12,12,56
1,35,2,82
1,52,1,59
1,36,1,58
2,18,0,64
3,14,2,77
0,26,0,22
0,26,0,22
0,47,0,16
1,37,2,65
1,37,2,65
1,19,8,47
1,24,5,27
1,24,13,63
2,47,1,116
1,29,8,35
1,29,8,35
1,29,8,35
1,29,8,35
1,29,8,35
1,34,1,94
1,34,3,18
1,34,3,18
1,37,2,16
1,32,4,39
1,12,11,77
1,16,7,59
0,33,0,21
1,32,0,54
0,14,0,9
1,40,2,64
1,37,3,31
1,37,3,31
1,29,1,53
1,41,1,29
3,10,19,78
3,10,19,78
3,10,19,78
2,8,8,54
2,8,8,54
1,29,7,66
0,24,0,10
0,24,0,10
0,35,0,14
1,23,1,52
1,8,1,55
1,22,1,153
2,24,14,57
1,40,0,39
4,4,36,117
1,30,3,48
1,47,1,52
1,34,2,58
1,36,1,41
3,4,40,106
2,23,19,59
1,59,2,50
1,31,2,26
2,4,4,58
7,0,22,172
1,16,4,56
3,62,2,54
1,36,1,54
3,35,1,92
3,162,2,159
1,35,0,15
1,43,0,47
1,37,0,54
1,40,0,42
0,3,13,31
2,11,6,100
1,36,3,15
1,32,0,20
1,34,0,34
1,38,0,19
0,19,0,17
1,45,1,41
1,30,1,42
1,30,1,42
1,33,3,22
1,33,0,33
1,34,0,35
2,15,0,62
1,36,0,19
2,46,1,77
0,19,0,34
1,25,4,34
1,39,1,42
1,38,0,80
0,27,1,22
1,25,2,44
1,49,0,67
1,18,4,54
1,18,4,54
1,18,4,54
2,6,4,91
1,20,2,65
1,33,0,23
1,44,0,81
2,31,2,82
1,21,0,38
1,43,0,29
1,31,4,39
1,23,2,39
8,44,0,138
1,38,1,51
1,54,0,63
1,39,2,50
1,37,0,182
2,22,14,70
1,20,2,28
1,42,0,16
1,5,0,10
2,37,0,70
2,31,5,65
1,39,1,44
0,33,0,27
2,31,3,205
1,42,2,40
3,32,6,136
7,13,19,178
5,29,10,176
1,23,0,56
1,23,0,56
2,27,6,97
1,30,2,53
1,29,2,114
1,40,0,12
1,47,3,41
1,38,0,20
1,30,1,72
1,30,1,12
1,36,0,17
3,19,24,111
1,39,2,47
1,40,1,50
0,25,2,15
4,125,7,137
1,36,4,67
1,40,2,72
1,30,4,72
2,29,13,77
0,28,0,19
1,34,1,27
1,2,0,14
1,33,0,48
2,25,9,68
1,35,3,18
2,4,4,62
1,9,4,36
3,15,21,81
2,18,6,61
2,20,15,68
2,20,15,68
2,2,12,67
1,11,15,59
1,35,0,15
1,33,1,25
1,39,1,9
1,39,1,9
2,41,2,76
1,37,0,54
1,26,5,63
1,34,0,15
1,28,0,45
3,6,8,79
3,6,8,79
3,6,8,79
2,22,4,75
2,6,6,61
2,20,0,53
1,38,1,31
0,16,0,30
1,13,1,35
3,13,1,62
1,36,3,59
0,24,0,22
1,51,1,155
0,19,0,16
1,21,4,148
1,42,1,61
1,26,1,56
1,26,1,56
1,26,1,56
0,45,0,22
1,29,0,88
1,33,2,32
2,3,5,65
1,19,2,97
1,19,2,97
1,21,13,45
1,40,2,23
1,39,4,50
1,36,3,69
1,40,2,64
1,27,6,47
4,7,35,125
1,27,6,42
1,35,3,62
1,14,1,59
1,28,2,45
1,24,2,25
1,35,1,56
5,29,12,122
1,20,0,39
1,36,0,23
1,44,0,25
1,25,0,147
1,28,9,47
1,31,5,67
3,150,1,174
2,18,10,59
2,18,10,59
1,29,0,54
1,35,0,24
1,21,5,51
2,12,27,68
1,19,8,46
1,30,1,55
0,30,0,21
0,18,1,16
0,15,0,12
0,31,0,48
0,41,0,25
1,41,1,40
0,29,1,22
1,29,1,11
1,43,6,58
1,44,5,72
0,32,0,53
2,40,10,71
2,40,10,71
1,37,0,59
1,42,1,35
4,5,10,102
1,44,0,58
1,39,2,33
1,33,0,50
1,32,4,52
1,28,1,55
1,33,1,32
0,21,1,23
1,35,1,15
0,17,0,28
1,28,1,30
1,65,0,41
1,31,3,20
0,25,0,39
2,42,1,76
4,84,5,105
1,28,0,17
1,33,0,9
1,29,1,39
2,123,4,94
0,32,1,26
1,32,2,32
1,42,0,54
1,36,0,23
1,33,0,17
1,35,2,30
3,5,34,81
1,28,0,3
1,40,5,55
0,33,1,12
1,42,0,14
1,58,2,79
1,17,1,45
1,27,0,34
1,46,0,57
1,48,1,25
1,25,2,56
1,25,2,56
1,25,2,56
1,25,2,56
1,25,2,56
1,25,2,56
1,25,2,56
1,25,2,56
1,25,2,56
0,14,0,15
0,14,0,15
1,27,3,20
3,78,2,119
3,163,1,156
2,49,1,83
1,34,0,23
1,40,1,59
2,15,1,69
1,45,0,58
1,45,0,58
1,30,6,58
1,36,1,54
1,38,2,56
1,33,1,42
1,31,4,61
1,8,4,62
1,8,4,62
1,19,10,63
3,6,13,67
1,38,5,68
1,33,5,39
2,11,24,90
1,25,7,60
1,39,0,51
1,31,8,39
1,37,2,59
2,23,11,68
1,49,0,77
1,36,4,75
1,30,0,22
1,35,2,82
5,205,4,163
1,35,0,55
1,33,7,36
1,47,3,54
1,38,0,71
1,35,0,175
1,39,3,55
0,33,1,13
1,11,1,32
2,22,2,125
0,33,1,16
2,26,3,128
1,23,0,31
1,40,0,28
2,170,4,150
3,17,4,103
1,16,0,51
1,29,6,56
1,29,6,56
1,23,11,51
4,7,3,99
2,14,4,106
2,14,4,106
2,34,6,77
1,26,2,32
10,33,69,154
3,18,3,89
1,44,1,59
1,38,3,53
1,27,4,44
1,41,2,75
3,16,1,58
1,42,8,83
1,27,3,59
1,25,10,97
2,46,1,179
3,164,1,154
5,4,25,163
5,4,25,163
2,37,7,60
1,22,3,38
1,37,4,67
1,20,0,164
0,20,0,12
1,35,0,16
1,38,2,66
1,5,2,36
1,24,6,54
1,44,1,22
1,26,11,54
1,31,1,99
1,35,1,61
1,33,5,57
0,20,1,24
0,20,1,24
1,34,7,34
1,46,0,56
1,46,0,56
4,5,12,103
1,30,4,57
1,30,4,57
1,6,4,56
1,31,1,51
1,46,0,75
1,25,1,151
2,77,0,164
2,8,2,50
1,42,0,14
1,33,3,17
1,38,0,32
1,34,6,64
2,18,18,85
2,18,18,85
1,38,0,175
1,31,4,24
1,21,1,56
1,31,6,51
1,42,2,72
1,9,1,32
1,39,0,61
1,33,3,20
1,39,0,61
1,24,2,77
1,23,1,46
1,35,4,66
1,8,2,40
1,40,4,51
1,45,2,71
0,21,0,52
1,33,3,69
2,16,15,60
2,16,15,60
3,2,12,106
1,45,0,62
1,39,2,11
1,37,1,75
2,25,5,69
4,170,2,152
1,9,1,20
1,45,0,56
2,24,11,74
2,24,11,74
1,25,6,66
1,22,6,56
2,14,0,74
1,41,3,69
1,48,0,65
1,44,0,158
1,35,0,36
1,32,0,10
0,12,1,14
0,12,1,14
0,12,1,14
1,24,2,47
1,30,1,51
2,20,18,70
3,18,20,73
0,15,0,26
2,24,1,56
10,13,13,174
1,35,2,26
1,38,0,136
1,29,3,48
1,22,0,14
1,25,1,63
1,17,0,30
1,40,4,59
1,34,8,26
1,34,8,26
1,34,8,26
2,17,22,68
2,18,21,72
1,43,0,71
1,43,0,71
1,33,0,22
0,17,2,19
1,33,3,20
1,45,2,55
1,41,0,53
1,44,0,74
1,36,0,54
2,17,1,76
1,26,1,22
1,35,0,37
1,29,3,63
1,37,0,61
1,32,1,63
1,30,2,58
2,33,8,41
1,20,8,48
1,35,0,207
1,21,0,37
9,5,25,179
2,33,9,50
2,33,9,50
1,10,13,55
1,29,3,44
1,35,0,29
2,18,16,63
2,18,16,63
1,32,2,50
1,35,1,34
2,10,17,66
1,39,4,80
1,43,0,57
1,38,1,64
1,15,8,41
1,15,8,41
1,15,8,41
1,15,8,41
1,15,8,41
1,30,4,63
1,49,1,101
1,30,4,58
2,5,19,66
2,5,19,66
1,63,3,58
2,29,8,75
0,19,0,27
1,44,2,57
0,18,1,10
0,18,1,10
1,19,1,43
1,46,4,59
1,29,6,39
1,29,6,39
1,47,3,67
0,18,0,11
1,26,7,55
3,158,2,113
1,13,7,71
4,9,36,128
1,42,3,51
1,23,1,59
6,1,20,170
3,16,26,107
3,16,26,107
6,36,0,63
1,14,11,52
1,39,2,38
1,14,11,62
1,37,0,56
1,24,2,50
1,23,0,54
6,1,19,165
1,4,0,27
2,29,12,51
1,30,3,14
1,30,3,14
1,30,3,14
1,30,3,14
1,30,3,14
1,30,3,14
1,30,3,14
0,13,0,16
3,6,13,103
1,4,2,48
0,29,0,20
1,41,3,50
1,47,2,58
1,40,4,53
4,25,9,149
4,45,6,168
1,18,1,51
1,16,0,30
5,26,10,320
2,38,2,86
1,93,1,27
1,32,2,151
1,36,7,38
1,28,17,79
2,10,11,67
1,42,0,30
5,34,36,155
1,52,0,60
1,15,3,61
3,40,2,93
1,28,0,51
2,23,4,75
2,23,4,75
1,39,1,46
1,44,0,24
1,28,0,37
1,33,0,13
0,17,0,41
1,58,0,57
1,37,1,50
1,29,0,46
0,16,0,23
1,40,1,28
1,45,1,49
1,27,0,80
0,23,0,18
1,47,2,56
1,37,1,35
2,86,1,39
1,17,0,47
1,62,0,54
1,15,0,40
2,27,13,63
1,43,1,48
1,43,1,48
1,43,1,48
1,43,1,48
1,43,1,48
1,43,1,48
1,43,1,48
1,43,1,48
1,43,1,48
1,37,2,47
3,13,20,125
1,25,0,54
1,43,2,72
1,46,5,58
1,46,5,58
1,46,5,58
1,46,5,58
1,46,5,58
1,46,5,58
3,17,23,100
0,19,0,29
1,41,1,55
1,36,0,22
1,48,2,51
1,48,2,51
1,48,2,51
1,48,2,51
1,27,0,60
0,38,0,30
1,38,1,53
1,61,0,60
1,30,3,45
0,21,0,18
1,39,0,83
1,23,0,50
1,41,1,43
1,41,1,43
1,41,1,43
1,41,1,43
1,38,2,51
1,38,0,29
1,38,0,29
1,32,1,52
1,46,2,51
1,32,9,73
1,36,1,37
1,39,0,30
1,38,0,37
1,22,0,76
1,22,0,76
0,23,0,29
1,37,0,58
0,21,2,28
1,37,0,15
1,44,1,32
1,57,0,56
0,20,0,15
1,40,2,25
2,72,1,157
5,33,9,164
1,51,0,61
1,43,1,48
1,43,1,48
1,44,0,93
0,37,0,31
1,48,1,19
1,52,0,62
1,38,0,46
1,46,0,64
1,36,0,20
1,26,18,82
3,37,3,152
2,22,10,72
1,60,0,72
1,36,1,50
1,85,1,14
0,18,0,31
1,49,0,74
1,29,1,72
0,20,0,23
1,35,0,17
1,40,2,52
1,40,2,52
1,40,2,52
1,40,2,52
1,39,0,28
1,44,0,46
4,37,7,145
4,37,7,145
1,65,0,48
1,38,3,51
1,51,0,36
1,33,2,65
1,22,1,18
1,32,1,51
1,32,1,51
1,61,0,65
1,38,0,46
1,44,2,50
1,44,2,50
1,33,1,30
1,43,0,22
0,18,0,8
0,23,0,38
1,41,0,32
2,23,4,154
3,23,17,95
3,23,17,95
3,23,17,95
3,23,17,95
1,23,0,50
1,23,0,50
1,20,0,21
1,39,0,20
1,46,3,51
0,32,0,43
1,45,1,51
1,38,3,161
6,15,9,171
1,50,0,11
1,30,3,49
1,42,0,31
1,42,0,31
1,34,0,43
1,34,0,43
1,36,4,58
0,26,0,20
0,23,0,17
1,55,0,59
1,28,2,37
0,23,0,19
0,35,0,34
0,18,0,34
2,18,3,65
2,18,3,65
1,35,0,102
1,35,3,190
1,60,0,41
1,32,3,52
1,49,0,50
1,39,0,32
1,49,1,38
2,82,1,35
1,30,0,24
1,44,2,46
1,47,3,42
1,42,1,54
1,42,1,54
1,21,0,47
1,38,0,64
1,32,5,55
1,37,2,56
1,35,0,26
1,16,4,45
0,21,0,34
1,69,0,54
1,55,0,63
1,40,3,47
1,31,4,50
1,30,2,52
1,40,0,9
0,24,0,30
3,36,8,91
3,20,14,116
1,31,0,39
4,2,5,97
1,63,0,87
1,67,0,43
1,20,3,89
1,70,0,42
1,18,0,38
0,15,0,30
1,46,0,34
1,31,0,31
2,97,2,77
1,34,0,32
1,33,0,31
2,28,11,55
1,15,10,55
1,20,10,52
1,27,8,63
1,13,1,38
1,8,3,62
2,14,19,65
1,40,1,58
2,26,8,58
1,29,6,57
1,26,3,42
1,26,3,42
1,47,1,27
1,24,0,38
2,21,3,114
1,31,2,53
1,34,3,65
3,15,0,78
3,15,0,78
1,26,9,53
1,24,0,51
1,46,2,56
5,5,12,159
1,47,2,45
1,19,3,106
1,29,5,34
1,31,4,28
1,31,4,28
2,37,9,48
1,0,2,24
0,17,1,22
1,42,1,42
1,31,1,26
0,31,2,15
1,17,1,25
1,17,1,25
1,25,0,16
4,4,35,110
2,31,7,60
2,23,14,73
2,26,4,137
3,67,2,160
1,45,0,54
1,34,0,5
1,43,0,60
1,54,0,66
1,40,0,63
3,6,23,126
1,8,3,59
1,42,0,22
2,32,6,77
1,58,0,66
2,10,3,70
1,49,0,54
1,44,2,58
1,35,0,17
1,32,2,69
1,31,0,10
1,20,4,84
1,6,3,66
1,42,0,15
1,31,3,118
3,22,19,85
3,22,19,85
3,22,19,85
3,22,19,85
3,22,19,85
1,39,3,42
1,34,0,4
1,53,0,63
0,33,1,28
1,34,6,50
2,30,6,71
2,30,6,71
1,24,0,52
1,24,0,52
1,24,0,52
1,24,0,52
2,49,1,78
2,8,0,71
1,41,0,96
1,20,0,52
1,32,5,29
1,50,0,56
1,37,4,46
1,37,4,46
1,36,1,45
1,21,0,62
1,50,0,63
2,12,1,102
1,49,0,43
1,34,0,24
1,40,2,53
1,20,15,50
1,20,15,50
1,33,2,36
1,36,0,173
1,30,2,55
1,32,0,23
2,34,5,36
2,2,5,71
2,2,5,71
2,2,5,71
1,39,0,32
1,36,0,192
4,159,4,108
4,159,4,108
1,48,4,62
1,54,0,70
1,30,3,50
1,32,8,51
0,15,1,34
1,71,1,47
11,12,8,181
1,15,11,61
4,5,39,87
4,5,39,87
4,5,39,87
4,5,39,87
4,5,39,87
0,6,0,14
0,6,0,14
0,6,0,14
0,6,0,14
0,6,0,14
1,38,2,70
0,34,1,17
2,5,11,56
2,5,11,56
2,5,11,56
1,15,7,58
1,15,7,58
1,15,7,58
1,15,7,58
0,16,0,20
0,16,0,20
0,16,0,20
1,59,0,62
3,114,1,176
1,22,0,48
0,29,0,19
1,19,0,49
1,32,1,64
0,36,0,18
2,34,6,68
2,34,6,68
2,34,6,68
2,34,6,68
2,34,6,68
9,16,29,193
1,27,0,60
1,27,0,60
1,39,0,27
1,41,0,87
2,57,2,164
1,47,0,91
1,38,2,47
4,101,6,180
1,46,0,44
2,33,5,60
1,43,0,18
1,46,0,70
1,44,0,37
1,43,0,55
3,13,1,127
1,39,2,50
1,46,1,69
1,16,0,24
1,38,0,18
1,43,0,28
1,18,5,53
1,28,0,43
1,28,0,43
1,28,0,43
1,28,0,43
0,26,1,12
1,41,0,14
1,43,0,54
1,35,1,40
1,52,0,64
1,67,0,45
0,24,1,11
1,11,0,25
1,33,1,77
1,38,1,49
1,30,3,55
1,30,3,55
1,72,1,56
0,25,2,59
1,24,0,41
10,9,23,220
1,27,0,57
4,2,4,94
0,24,0,30
1,38,0,23
1,28,0,68
1,66,0,90
1,74,0,27
1,46,2,52
1,46,2,52
1,46,2,52
1,46,2,52
1,39,0,57
1,18,0,43
1,29,1,89
1,41,0,44
1,34,4,30
0,24,1,11
2,23,1,65
1,12,11,51
2,31,14,50
2,42,9,132
1,33,0,14
1,32,0,4
1,39,2,38
2,34,3,74
1,15,6,38
1,43,0,62
0,27,1,35
2,5,8,75
2,18,4,131
2,4,0,84
1,33,4,67
0,30,0,29
0,18,0,2
1,32,7,45
1,21,5,63
1,5,3,25
1,12,0,35
1,26,0,35
1,19,0,89
1,33,8,50
2,26,8,63
1,15,3,48
1,46,1,29
0,19,1,28
2,42,9,117
1,22,0,62
1,35,3,20
1,16,8,67
1,28,4,55
1,39,2,30
1,41,1,26
1,12,15,59
1,12,15,59
1,36,3,36
0,17,3,24
3,16,10,84
4,179,2,175
1,48,1,64
1,48,1,64
0,7,0,18
1,21,1,36
1,43,1,55
0,11,0,21
2,19,14,63
2,19,14,63
1,30,0,41
4,0,5,121
1,37,2,58
1,35,1,68
1,25,0,51
1,32,0,59
1,39,1,74
1,1,0,38
4,3,6,100
1,4,1,34
1,42,2,48
1,11,4,49
2,18,5,64
0,23,2,22
2,23,7,77
2,20,10,70
1,14,17,55
1,9,4,40
0,16,3,20
1,29,3,71
1,56,0,97
1,45,0,64
1,50,0,57
1,35,0,13
1,25,7,53
1,23,3,38
1,61,0,69
1,35,0,81
1,41,1,56
1,34,1,41
1,44,0,51
1,18,1,44
1,51,0,61
1,51,0,61
1,40,4,54
9,2,17,264
2,41,1,106
3,23,13,96
3,23,13,96
0,20,0,28
1,39,1,48
1,39,1,44
1,14,0,24
1,55,1,52
3,66,4,169
1,32,1,47
1,49,1,14
0,25,4,13
4,4,23,143
4,4,23,143
4,4,23,143
1,34,1,55
1,34,1,55
10,3,24,198
0,25,0,23
1,25,0,39
1,47,0,54
3,17,26,117
3,17,26,117
1,5,0,26
1,58,0,59
0,25,0,30
1,68,0,61
15,6,59,281
2,14,5,93
1,20,1,72
1,20,1,72
1,20,0,52
1,19,0,90
1,27,0,55
1,45,0,54
1,29,0,54
1,32,7,39
1,34,1,8
1,26,6,41
1,48,0,56
1,28,0,84
0,11,0,5
1,46,0,82
1,3,0,48
1,18,0,31
1,41,1,20
1,38,1,46
1,37,1,33
1,67,0,68
1,27,0,40
2,26,1,85
1,54,0,66
1,18,1,45
1,10,1,33
1,12,4,63
1,63,0,48
1,30,0,54
1,28,3,61
1,28,3,61
1,48,0,54
1,38,0,38
1,43,0,25
1,39,0,64
1,26,3,55
1,24,0,55
1,60,0,65
2,126,0,189
2,25,4,59
2,25,4,59
1,30,5,53
1,25,2,65
1,38,1,62
1,38,1,62
1,38,1,62
1,30,0,19
1,30,0,19
0,13,0,25
1,24,0,134
1,44,1,20
1,19,6,70
2,24,0,53
2,27,8,68
1,38,0,67
2,47,0,68
2,9,4,75
2,52,11,71
1,28,1,34
1,30,6,48
0,9,2,30
1,37,4,55
14,21,17,212
1,28,6,61
1,37,3,50
2,37,8,52
2,24,9,66
1,45,0,55
1,34,3,62
1,18,4,51
1,17,0,46
1,43,0,58
1,21,5,60
1,48,0,53
2,3,5,68
1,43,0,76
2,36,7,76
2,36,7,76
2,36,7,76
2,36,7,76
2,36,7,76
2,36,7,76
1,35,3,64
1,36,3,50
1,10,15,58
1,19,0,38
1,19,0,38
1,34,1,68
1,17,0,41
1,27,5,59
1,94,2,159
1,34,1,17
1,26,5,30
1,26,5,30
0,11,2,17
0,11,2,17
1,21,2,55
1,23,5,50
1,18,6,54
1,14,12,45
4,3,35,129
1,37,2,63
1,33,3,19
2,31,13,83
0,24,0,35
1,23,9,56
2,65,0,49
0,29,1,24
1,63,1,67
0,1,1,15
1,44,1,43
1,44,1,43
1,31,0,23
1,29,3,51
1,40,1,71
1,34,2,51
9,18,12,172
1,24,0,45
1,25,1,84
1,33,2,41
1,40,1,69
1,34,1,19
1,24,0,3
1,19,6,61
1,38,2,47
1,12,8,43
1,12,8,43
1,12,8,43
1,27,5,71
4,20,1,117
1,41,3,32
1,41,3,32
1,41,3,32
1,41,3,32
1,41,3,32
1,41,3,32
1,42,2,27
1,24,3,50
1,35,1,50
0,33,1,23
1,36,5,98
2,51,0,74
0,34,0,33
1,29,0,16
3,127,3,114
1,32,2,99
1,16,0,34
1,16,0,34
2,156,2,84
1,19,1,37
1,34,1,25
0,31,2,16
1,18,2,30
1,18,2,30
2,6,22,77
0,30,0,11
2,36,10,57
2,36,10,57
2,36,10,57
2,36,10,57
2,36,10,57
2,36,10,57
1,28,9,47
1,12,18,65
1,23,1,33
1,38,9,53
1,22,13,56
0,21,0,51
1,34,0,63
1,34,0,152
1,31,1,50
0,33,0,32
1,24,1,63
1,32,1,16
1,49,3,22
0,28,0,60
1,28,6,53
1,22,7,52
1,44,2,446
1,44,2,446
1,24,4,39
4,3,30,138
1,26,2,40
0,30,0,31
0,30,0,31
0,30,0,31
1,73,0,68
1,28,2,34
1,29,4,40
3,39,2,73
2,14,7,77
2,14,7,77
2,14,7,77
2,14,7,77
2,14,7,77
1,43,5,57
133,0,53,500
133,0,53,500
133,0,53,500
0,31,1,56
0,31,1,56
0,31,1,56
1,40,0,81
1,37,1,22
1,25,4,54
1,26,6,39
1,25,6,57
1,32,3,33
0,37,1,44
0,32,1,28
1,43,1,32
1,40,3,41
3,35,8,82
1,44,5,51
2,10,6,149
1,61,1,42
1,35,2,20
0,25,1,33
0,31,1,26
1,9,18,55
0,27,1,35
1,37,1,35
1,26,1,95
1,10,1,30
1,28,8,42
1,28,8,42
1,28,8,42
1,28,8,42
1,28,8,42
1,29,2,34
1,41,2,39
1,27,2,28
1,6,3,51
1,6,3,51
1,6,3,51
1,6,3,51
1,6,3,51
1,6,3,51
1,20,5,54
1,43,3,42
4,0,11,124
0,29,2,20
4,12,2,110
1,22,4,49
4,12,16,183
0,34,1,34
1,30,5,43
1,16,10,62
1,36,0,35
2,15,20,64
1,36,0,34
1,28,4,25
1,27,1,59
3,169,3,104
1,18,4,35
2,10,8,81
0,17,0,21
2,31,5,116
1,30,2,27
1,6,4,52
0,15,0,23
1,28,3,57
1,30,5,40
1,18,7,30
4,128,1,159
1,22,0,57
0,17,0,37
2,142,1,139
1,13,0,42
2,22,0,67
3,163,2,177
0,29,1,5
2,72,1,76
1,38,1,65
1,43,4,38
1,44,1,43
1,29,1,52
1,29,1,52
2,30,5,57
1,36,1,34
2,30,6,88
1,41,0,500
1,29,0,32
2,22,11,63
5,206,4,150
5,206,4,150
1,46,0,23
1,23,0,52
1,23,0,52
1,23,0,52
1,23,0,52
1,24,3,35
5,200,4,155
1,35,0,32
1,43,2,39
1,44,0,217
1,10,3,54
1,21,10,47
2,13,9,59
1,5,1,53
2,15,10,87
5,163,4,136
1,48,1,24
0,26,0,12
1,23,1,49
1,23,1,49
1,23,1,49
1,23,1,49
1,23,1,49
1,38,4,50
1,38,4,50
1,38,4,50
1,38,4,50
1,38,4,50
1,38,4,50
1,50,0,147
1,6,4,32
1,6,4,32
1,36,0,156
1,34,1,6
1,46,0,64
1,3,4,44
1,24,2,36
1,43,2,36
0,22,0,66
2,19,8,58
2,1,5,59
0,26,2,28
0,26,0,68
1,34,0,27
7,6,9,153
0,30,1,26
1,43,2,45
1,15,10,34
1,15,10,34
1,15,10,34
1,15,10,34
1,15,10,34
1,15,10,34
1,15,10,34
1,42,2,36
1,22,13,52
0,30,2,46
6,175,6,157
3,93,6,122
4,133,4,122
3,46,2,95
0,31,0,58
1,36,0,124
2,9,1,50
1,37,0,52
2,155,1,83
1,16,4,45
5,181,11,151
1,31,2,58
3,8,10,79
3,8,10,79
3,8,10,79
1,34,1,47
1,29,1,12
1,36,3,36
1,35,0,54
1,31,8,51
1,23,9,50
1,26,3,38
1,22,10,55
1,46,4,56
0,28,1,32
1,31,1,34
1,14,4,51
1,5,3,63
1,35,1,27
1,31,7,46
1,38,0,25
2,13,0,52
1,27,4,38
0,22,0,44
1,39,0,19
1,21,4,46
1,55,2,18
1,30,5,41
0,24,0,48
1,27,4,32
2,30,13,58
0,33,1,37
1,38,3,44
1,38,3,44
1,38,3,44
1,38,3,44
1,38,3,44
1,38,3,44
1,38,3,44
1,16,2,30
4,155,1,176
1,40,2,52
1,27,6,52
2,17,20,66
1,30,5,63
1,28,2,27
1,42,1,36
2,27,8,60
0,30,1,48
0,30,1,48
1,44,5,68
1,28,3,30
1,41,0,53
1,36,1,25
1,34,2,33
1,24,0,46
0,38,0,152
1,35,0,65
2,150,1,324
2,150,1,324
2,150,1,324
2,8,0,62
2,99,1,283
1,39,0,35
1,34,2,20
1,5,2,36
1,12,0,60
1,10,15,51
1,35,2,25
1,26,0,60
0,31,0,61
0,29,2,22
1,39,1,47
4,6,36,119
3,2,8,106
0,23,0,23
1,37,1,25
15,20,12,123
1,28,4,39
1,28,4,39
1,28,4,39
1,28,4,39
1,28,4,39
1,34,1,42
4,166,1,265
1,92,2,162
0,40,0,23
2,112,1,275
1,18,0,36
1,41,1,33
1,47,0,153
1,47,0,153
1,23,5,43
1,35,6,41
0,30,1,29
1,109,1,165
0,29,1,24
1,43,0,50
2,11,0,46
0,11,0,24
0,11,0,24
0,11,0,24
0,11,0,24
0,11,0,24
1,28,4,38
0,25,0,70
1,23,4,36
1,29,3,31
0,35,1,26
5,0,8,128
2,4,4,61
1,29,0,18
1,23,0,58
0,30,1,29
2,11,27,78
1,19,0,54
0,23,0,50
1,7,9,70
1,35,1,19
1,6,1,37
1,21,0,81
1,7,7,47
1,39,1,58
1,36,2,54
1,32,4,50
1,37,1,23
0,11,1,4
1,41,5,60
2,7,17,66
1,12,4,50
1,32,3,37
1,21,2,86
1,43,1,16
1,41,0,55
5,0,13,146
5,0,13,146
1,31,0,53
0,12,1,27
1,19,9,33
0,37,0,53
0,37,0,53
1,38,3,40
1,38,3,40
1,24,2,48
1,24,2,40
1,20,3,40
1,30,3,35
0,23,0,47
1,22,5,63
1,23,5,53
1,78,1,185
0,31,2,40
0,23,0,134
0,25,0,39
0,33,1,36
1,43,0,51
2,3,4,56
2,3,4,56
2,3,4,56
2,3,4,56
2,3,4,56
2,3,4,56
0,32,1,25
1,49,1,30
1,19,0,77
1,28,4,73
1,33,3,61
2,23,9,69
0,27,2,26
1,30,1,38
1,31,0,29
1,14,2,46
1,23,2,65
0,38,0,19
1,29,2,27
0,14,1,28
1,29,7,51
1,40,0,65
1,40,0,65
1,31,1,54
2,11,5,65
0,35,0,22
2,10,15,56
2,10,15,56
4,5,34,136
2,3,6,71
4,7,11,103
1,20,5,31
2,10,0,81
1,29,2,44
1,19,4,50
1,38,1,58
0,17,0,34
0,18,1,32
1,36,1,24
1,36,1,25
1,34,2,20
1,4,0,14
1,33,1,54
1,33,1,38
1,32,0,35
1,43,1,55
2,23,3,71
1,37,0,152
1,24,0,39
1,51,0,49
1,31,0,78
2,32,3,161
1,64,0,48
0,26,1,30
0,11,0,16
0,11,0,16
0,18,0,52
1,27,1,35
1,38,0,28
4,76,6,172
4,39,9,168
1,68,0,80
2,18,5,87
1,32,0,23
1,34,3,230
1,41,0,11
1,52,1,40
1,29,0,64
1,26,4,53
1,42,0,13
1,46,0,130
0,30,0,69
1,37,0,21
0,27,1,29
2,27,7,71
1,34,0,20
4,39,5,163
1,75,0,38
1,51,0,34
1,26,0,44
1,52,1,50
1,49,0,42
1,49,0,42
1,38,0,37
1,41,0,28
1,24,0,50
1,48,0,57
1,22,0,83
1,39,0,37
0,16,0,32
2,33,7,106
1,35,4,55
1,55,0,51
1,40,0,52
2,39,5,195
1,25,2,54
1,49,4,39
2,30,6,83
1,48,2,50
2,22,7,76
1,37,0,19
1,26,0,38
1,40,0,8
1,24,0,32
1,30,0,40
1,37,3,55
2,18,10,54
1,29,0,33
1,47,0,54
1,21,0,54
1,43,0,62
1,80,0,37
1,57,0,78
1,41,0,19
1,39,1,52
0,25,1,31
1,62,1,14
1,28,6,61
1,58,0,66
1,23,1,39
1,33,1,40
1,61,0,87
1,47,0,25
1,50,0,89
1,45,1,55
1,45,1,55
1,45,1,55
1,40,1,44
1,40,1,44
1,40,1,44
1,40,1,44
1,40,0,100
2,42,0,68
3,9,12,109
1,37,2,51
1,47,0,55
1,36,0,28
1,26,1,51
4,22,9,152
1,22,10,61
1,49,1,29
1,49,1,29
1,43,3,77
1,21,2,59
1,26,1,57
1,26,1,57
1,26,1,57
1,30,2,156
0,30,0,27
1,68,0,82
1,46,1,69
0,24,0,11
0,24,0,11
1,30,8,37
2,15,12,86
2,24,8,86
4,49,21,145
5,76,16,153
1,25,0,53
3,20,2,84
1,39,2,50
1,41,1,45
1,41,0,18
1,35,0,11
1,50,1,27
1,50,1,27
1,46,2,52
1,46,2,52
1,62,0,57
1,43,0,50
3,22,13,94
1,32,7,71
1,12,0,42
1,32,0,35
1,40,4,54
1,22,0,166
1,39,1,31
1,40,0,17
2,10,7,105
1,33,2,60
1,33,2,60
1,33,2,60
1,43,0,14
1,42,1,18
1,30,0,24
2,46,0,98
1,32,0,10
1,28,2,64
1,33,0,19
1,33,0,19
1,51,0,69
4,45,8,156
1,54,0,67
1,26,1,49
1,26,1,49
1,48,0,55
1,22,4,51
1,38,2,76
1,73,3,33
0,14,0,22
2,8,5,72
1,35,0,31
1,69,3,29
2,61,0,90
1,29,6,50
1,41,3,50
0,41,0,8
1,28,0,58
1,39,2,27
1,35,0,29
1,47,1,36
1,40,0,22
1,64,0,96
1,34,1,55
1,34,1,55
1,34,1,55
1,18,0,79
1,22,0,62
1,22,0,62
1,31,3,63
0,35,0,22
2,25,19,85
2,25,19,85
1,44,3,52
1,46,0,42
2,21,0,61
1,19,2,51
1,42,1,51
1,56,0,60
1,12,0,58
1,56,0,67
1,17,2,47
1,48,0,53
1,46,2,51
2,48,4,42
0,26,1,30
1,34,1,30
1,34,1,30
1,47,0,54
2,22,9,58
1,46,3,38
1,31,1,60
1,31,1,60
1,52,0,57
1,45,0,30
1,64,3,26
1,64,3,26
1,64,3,26
1,36,1,61
1,45,1,42
1,53,1,63
3,44,4,119
11,3,49,207
1,27,1,24
1,38,1,16
1,30,3,29
1,22,0,28
0,17,0,34
1,46,0,24
1,21,2,22
1,20,0,45
1,36,2,59
1,35,1,33
1,22,9,51
1,22,9,51
1,22,9,51
1,22,9,51
1,22,9,51
1,22,9,51
1,22,9,51
1,22,9,51
1,22,9,51
1,22,9,51
2,11,6,84
2,3,7,78
1,20,1,134
1,18,14,58
1,44,2,60
1,33,2,22
1,31,8,33
2,25,9,71
1,9,1,56
1,12,3,14
1,12,3,14
1,29,8,46
1,29,8,46
2,12,20,64
1,5,2,37
2,53,0,71
3,8,31,77
3,8,31,77
3,8,31,77
1,36,4,59
2,25,7,63
3,6,22,85
2,13,3,142
1,32,4,74
3,8,30,93
1,9,2,20
1,38,0,93
0,9,2,37
0,17,0,17
1,21,2,166
0,25,0,73
2,130,0,74
1,42,3,26
0,38,0,36
1,27,4,44
1,30,4,23
1,30,4,23
1,30,4,23
3,4,15,137
0,33,0,37
1,37,0,14
1,37,0,14
2,17,0,57
1,20,6,57
1,43,4,35
1,24,4,51
2,11,3,110
2,11,3,110
1,18,3,86
1,31,1,21
1,25,5,58
1,32,1,28
2,13,0,41
2,34,7,65
3,10,33,119
1,30,2,26
1,37,5,73
1,11,3,52
1,11,3,52
1,42,3,52
2,29,3,58
2,39,6,39
2,36,5,59
1,12,1,54
1,40,1,67
1,40,1,67
1,37,2,69
1,42,4,51
1,30,1,34
1,9,3,39
1,35,2,64
0,20,0,12
1,36,3,60
1,36,3,60
0,20,0,39
1,38,4,56
1,18,4,32
3,1,6,88
1,22,0,52
1,39,6,48
0,28,1,87
1,21,12,48
1,8,17,71
0,21,0,22
0,26,0,61
1,8,1,52
1,36,5,17
2,11,5,78
2,23,14,57
1,26,7,58
1,29,0,156
2,27,10,68
0,14,0,13
1,21,6,65
1,20,4,66
4,3,41,123
1,40,4,54
4,39,2,74
1,24,0,90
2,4,9,91
1,36,0,10
1,25,5,57
2,30,9,41
1,26,5,45
2,22,6,104
1,30,5,41
1,28,4,22
1,28,4,22
1,28,4,22
1,28,4,22
1,28,4,22
1,62,1,47
0,15,0,126
4,12,2,122
1,61,3,59
1,33,3,45
4,4,33,114
4,4,33,114
3,5,13,116
1,24,0,45
1,24,0,45
1,40,1,64
1,32,4,63
1,32,4,63
1,23,2,133
1,16,1,38
1,40,4,56
1,44,0,64
1,33,0,42
1,33,0,42
1,36,0,37
1,38,1,66
0,11,0,12
1,35,0,53
2,9,16,88
1,22,6,44
1,34,3,18
2,17,19,71
2,33,5,71
2,6,8,50
1,74,1,67
1,41,1,43
1,4,0,26
1,39,0,102
1,25,2,81
0,7,1,25
1,30,3,49
3,30,9,98
1,16,2,50
1,29,0,81
1,17,0,47
1,36,0,28
1,28,2,20
3,156,1,159
0,23,0,24
1,35,0,50
1,36,0,21
1,36,0,48
1,29,3,66
1,30,2,50
0,10,1,30
1,36,3,13
1,36,3,13
1,26,3,72
1,17,0,31
1,19,7,51
2,38,0,33
1,35,2,57
1,31,2,52
1,43,1,48
1,38,2,70
1,24,5,45
3,16,20,78
3,16,20,78
1,29,5,61
1,25,5,26
1,25,5,26
1,24,3,57
3,174,1,167
3,174,1,167
1,22,7,80
2,26,5,68
2,28,5,71
3,1,26,87
3,1,26,87
1,27,4,42
1,27,4,42
1,26,1,16
1,32,0,17
1,32,7,54
1,36,3,55
1,32,6,54
1,35,4,54
1,33,0,44
2,18,17,71
1,1,4,52
1,23,14,56
2,55,0,83
1,19,7,34
1,33,1,30
0,9,14,48
0,9,14,48
0,9,14,48
0,9,14,48
0,9,14,48
2,12,8,53
1,42,0,33
1,41,2,68
1,16,1,50
2,13,6,80
2,4,5,64
1,15,1,57
1,37,2,71
1,32,3,46
0,31,0,39
0,21,0,46
2,16,26,88
2,21,12,109
1,32,2,50
2,25,11,68
2,38,7,51
2,38,7,51
1,40,0,23
0,27,2,32
1,34,0,56
1,40,0,40
4,173,2,174
4,173,2,174
4,173,2,174
4,173,2,174
4,173,2,174
1,21,1,62
0,21,0,29
1,39,0,66
2,37,4,39
1,23,8,54
1,23,5,66
1,24,5,63
0,19,0,29
2,17,0,27
0,34,0,13
1,21,0,30
0,26,0,42
1,23,1,51
1,11,1,40
2,60,0,79
1,38,0,59
6,5,18,162
2,31,3,56
1,21,0,48
3,11,0,73
1,8,2,46
0,14,0,14
2,10,9,142
1,33,0,48
1,36,1,24
1,32,2,27
2,24,2,85
3,136,1,150
3,148,1,167
3,143,1,104
0,18,1,26
1,32,4,63
1,29,3,30
1,35,1,28
1,36,0,45
1,33,2,49
0,34,1,14
1,15,12,62
1,21,5,34
1,21,5,34
0,20,1,50
0,20,1,50
2,27,7,72
4,156,1,156
1,12,2,45
1,56,1,188
1,24,0,53
0,15,0,18
2,35,0,76
2,45,0,84
1,23,3,65
1,36,3,61
1,36,2,62
1,12,0,36
3,66,11,131
1,40,0,44
0,30,2,21
1,35,3,63
1,36,2,56
1,35,3,58
1,35,1,46
4,6,16,168
1,27,5,61
1,24,6,39
3,19,2,98
5,27,2,90
2,19,19,73
2,19,19,73
2,19,19,73
2,19,19,73
1,39,2,44
1,31,0,18
1,34,0,18
1,45,0,83
1,29,6,67
1,37,1,35
1,32,0,18
2,15,13,70
1,35,1,54
2,15,18,67
2,29,5,69
1,28,4,60
1,37,0,31
1,37,2,53
1,31,0,23
1,28,0,50
1,38,0,59
1,18,7,50
1,27,6,41
1,23,7,34
0,24,0,16
1,32,1,12
0,15,1,15
1,36,5,56
2,20,10,70
2,20,10,70
1,29,5,56
1,38,4,68
1,29,0,19
1,34,1,36
1,46,0,77
1,41,1,24
1,60,0,119
2,41,6,51
1,34,5,53
1,18,0,36
1,18,0,36
1,18,0,36
3,7,4,70
3,7,4,70
2,3,3,92
1,39,0,29
1,25,12,62
2,21,15,66
2,21,15,66
1,40,1,59
1,40,0,29
1,6,0,16
1,6,0,16
1,38,2,69
1,31,2,67
1,42,0,42
2,18,11,102
1,26,6,60
1,37,3,58
1,37,3,58
1,35,4,41
1,21,0,12
1,35,2,51
3,18,0,82
1,23,2,45
1,18,0,43
1,16,11,60
1,17,0,39
1,15,0,23
1,21,0,43
1,21,1,68
1,25,0,49
1,5,0,26
2,19,0,65
1,27,6,58
1,27,6,58
1,27,6,58
1,27,6,58
1,27,6,58
1,27,6,58
1,27,6,58
1,27,6,58
4,102,2,151
1,12,0,58
0,30,0,56
0,17,0,37
1,20,0,111
2,25,1,76
1,33,0,14
1,32,0,57
1,32,0,57
2,41,4,65
2,41,4,65
1,32,1,49
1,33,0,11
1,36,0,64
2,17,22,70
1,37,5,55
2,14,26,90
3,10,28,88
3,10,28,88
4,3,33,138
1,29,5,54
1,35,0,36
1,22,10,34
1,0,8,43
1,46,0,78
1,16,2,53
2,17,7,110
2,17,7,110
2,17,7,110
2,17,7,110
2,17,7,110
2,17,7,110
2,17,7,110
1,9,2,18
1,24,6,37
1,33,5,46
0,13,1,13
0,13,1,13
2,33,12,88
2,33,12,88
2,33,12,88
0,18,0,11
1,45,2,69
1,24,7,81
1,26,2,46
3,13,19,121
1,41,0,30
0,40,0,96
0,40,0,96
0,40,0,96
1,41,0,23
1,43,1,54
1,38,0,18
1,44,1,61
1,71,1,14
1,47,5,59
1,52,1,43
1,34,2,50
1,46,0,56
1,62,1,47
1,18,2,54
1,49,1,51
2,12,5,87
1,25,6,80
1,62,0,86
1,35,0,24
1,67,0,52
1,32,4,47
1,23,4,36
1,29,2,58
1,2,2,52
1,46,1,64
1,31,6,51
3,7,16,75
1,22,8,59
1,41,3,62
1,45,0,30
1,24,3,55
1,31,0,22
1,27,5,29
2,7,14,92
1,37,1,79
1,31,3,26
1,31,3,26
1,36,0,36
2,24,1,62
0,19,0,35
1,16,0,63
1,34,0,16
10,48,8,201
1,19,0,18
1,48,2,56
1,48,2,56
2,33,4,50
3,165,1,162
1,37,2,64
1,41,3,65
1,35,4,37
2,16,0,65
4,168,1,171
2,54,1,101
0,13,0,25
1,35,2,35
1,34,5,93
1,40,1,64
3,1,9,98
3,1,9,98
0,13,2,38
1,17,13,65
2,6,4,57
0,28,0,48
1,10,3,49
1,18,7,63
1,35,1,66
2,20,15,55
2,20,15,55
2,20,15,55
2,20,15,55
1,29,2,65
1,35,1,25
1,41,1,28
2,17,20,58
1,12,1,58
1,9,1,34
2,49,2,121
1,25,4,32
1,38,0,11
1,38,0,11
1,24,9,39
1,24,9,39
1,24,9,39
1,38,0,36
2,3,7,65
3,34,16,74
2,7,7,77
2,9,16,98
2,10,8,66
1,21,4,51
4,4,20,153
4,4,20,153
0,33,1,35
1,12,0,51
1,29,3,33
2,35,1,53
1,48,4,75
1,28,3,45
2,15,1,60
1,37,1,16
1,23,4,88
1,23,4,88
1,23,4,88
1,23,4,88
1,23,4,88
1,23,4,88
1,19,5,45
1,19,5,45
1,19,5,45
1,30,0,9
2,16,0,71
3,69,0,93
3,69,0,93
3,22,1,101
0,35,2,53
1,23,4,65
1,29,3,40
1,13,3,52
1,13,3,52
1,22,3,71
0,32,2,38
1,12,0,26
1,48,0,79
0,30,6,31
1,29,5,33
1,37,4,50
2,23,13,51
1,37,0,46
1,18,7,61
1,49,1,64
2,10,13,102
1,23,1,65
1,10,1,31
0,14,0,17
1,13,2,19
1,23,0,54
2,13,3,61
2,4,6,50
2,15,13,64
2,15,13,64
2,15,13,64
2,15,13,64
1,31,3,51
2,24,12,57
0,27,2,31
1,22,5,69
2,22,13,58
1,10,0,32
7,14,4,156
1,29,3,21
1,25,3,39
0,29,3,25
1,10,4,62
1,29,3,50
1,29,3,50
1,29,3,50
1,11,0,35
0,37,0,30
1,29,2,46
1,29,2,46
1,11,3,49
1,23,1,31
1,23,1,31
0,24,0,60
3,15,7,114
1,10,21,56
13,6,13,196
1,31,1,63
1,20,1,76
3,11,3,114
2,15,6,64
1,23,4,35
1,27,9,55
1,40,3,43
1,38,2,44
1,32,1,10
2,15,18,74
0,16,0,20
1,35,3,39
2,19,8,56
1,11,2,31
0,18,0,28
1,49,0,25
1,30,3,57
1,21,4,81
1,21,4,81
1,37,0,152
1,30,6,54
0,33,1,36
1,44,4,38
1,14,12,52
1,18,5,55
0,33,1,26
1,31,2,58
1,31,2,58
1,37,3,67
1,35,0,28
1,37,0,20
0,26,0,52
1,45,0,195
1,27,2,103
2,18,0,64
1,11,3,48
2,85,1,224
2,85,1,224
1,38,2,15
1,38,2,15
1,38,2,15
1,30,2,26
1,26,3,51
1,29,5,27
1,29,5,27
1,95,1,118
1,95,1,118
2,36,6,39
1,22,0,28
1,39,1,69
3,14,12,115
1,12,0,16
1,31,3,60
2,43,4,41
2,12,7,57
2,12,7,57
2,12,7,57
2,12,7,57
2,12,7,57
2,12,7,57
2,12,7,57
1,31,3,66
4,12,35,120
1,29,3,39
0,3,2,25
1,28,3,50
0,30,3,31
0,30,3,31
0,20,0,38
1,15,0,90
1,34,0,53
0,31,0,152
1,73,1,242
1,18,9,53
1,39,0,68
1,36,2,54
1,7,3,43
0,24,0,9
0,31,1,28
2,19,9,75
3,176,1,107
1,48,1,280
1,48,1,280
1,48,1,280
1,41,0,24
1,29,0,19
1,36,4,101
1,36,4,101
1,32,5,54
1,19,4,51
2,8,15,69
2,8,15,69
2,8,15,69
0,28,1,32
1,38,0,190
1,25,1,52
0,34,0,35
1,48,0,135
1,24,7,34
5,200,6,151
1,32,1,141
1,36,3,46
1,64,2,188
1,9,2,53
3,10,22,82
2,15,21,74
0,35,2,31
1,26,5,30
1,40,2,18
1,30,0,13
1,34,0,36
1,42,0,15
1,27,6,29
1,27,6,29
1,27,6,29
1,27,6,29
1,27,6,29
1,27,6,29
1,27,6,29
1,13,18,70
1,13,18,70
1,13,18,70
1,13,18,70
1,13,18,70
1,13,18,70
1,13,18,70
1,13,18,70
1,24,2,46
1,46,0,35
1,49,3,28
1,25,4,42
0,36,0,33
1,24,5,51
1,23,5,50
1,46,2,38
8,202,12,180
1,44,0,54
1,25,3,25
1,31,7,50
1,31,7,50
1,30,11,63
0,18,0,33
1,25,3,45
0,14,0,24
0,14,0,24
0,23,0,69
1,81,1,37
0,18,0,21
1,28,0,60
1,33,0,412
1,36,0,24
1,26,2,30
1,18,4,39
1,24,1,60
1,19,0,61
1,26,13,64
1,39,4,50
1,9,0,14
1,34,3,88
1,15,10,48
0,29,2,27
1,28,9,54
1,43,4,47
1,29,1,38
0,22,0,13
0,29,1,22
1,25,4,36
1,47,0,22
1,34,4,52
3,11,0,99
0,30,1,26
0,30,1,26
1,18,0,55
1,14,11,55
1,14,11,55
1,22,0,65
1,35,1,57
2,27,5,70
1,38,2,79
0,21,0,15
1,28,3,33
5,1,12,156
4,4,37,127
2,140,2,81
2,19,13,56
1,26,3,46
1,58,2,69
0,29,1,35
2,0,6,71
7,147,18,184
1,27,1,131
1,23,3,17
1,23,3,17
1,33,1,57
1,32,5,51
1,28,2,28
3,121,1,172
3,121,1,172
3,121,1,172
3,121,1,172
3,18,2,95
1,12,8,51
0,26,0,21
0,17,0,37
1,41,0,25
1,27,1,24
0,29,1,30
1,25,3,32
1,37,2,29
0,28,1,29
2,24,6,61
1,64,2,34
1,43,3,47
1,18,6,51
1,30,0,71
1,39,0,11
1,53,0,22
1,50,1,21
0,28,1,32
1,12,0,33
0,29,0,54
1,31,2,4
0,26,2,33
1,32,1,53
1,40,0,75
1,49,0,16
1,35,2,33
1,46,4,98
1,41,1,47
1,29,1,30
2,6,14,150
2,6,14,150
2,6,14,150
1,31,1,29
1,7,2,31
1,5,5,55
1,14,1,27
3,16,0,65
5,169,11,154
1,40,0,45
2,20,12,61
1,49,0,23
1,49,1,18
0,28,0,60
1,40,0,30
1,27,2,31
2,16,15,61
2,16,15,61
4,172,1,193
1,27,0,47
1,4,3,49
1,41,0,30
1,33,2,25
1,46,3,52
3,1,5,93
3,1,5,93
1,22,10,50
1,22,10,50
1,19,8,75
1,18,3,87
1,41,1,467
1,47,1,39
1,16,0,30
2,4,7,55
1,41,2,15
1,46,0,189
1,29,0,50
1,38,0,61
1,16,0,80
0,32,1,65
0,12,0,24
4,12,11,155
3,104,3,175
0,22,0,25
1,38,1,34
1,75,0,69
1,9,1,38
1,30,1,68
1,36,1,24
1,35,2,87
2,16,4,92
0,20,0,25
1,5,1,46
2,38,7,50
1,41,1,17
1,34,0,9
1,29,0,52
1,15,12,62
